title,href,body,domain,keyword
"devk0re — GitHub","https://github.com/devk0re","Security researcher. Python. Breaking things responsibly. Contributed to: clearpath-audit-lib","github.com","devk0re"
"devk0re/log-analyzer — GitHub","https://github.com/devk0re/log-analyzer","A lightweight audit log parser for Linux systems. Used internally at ClearPath.","github.com","devk0re"
"devk0re comments on suspicious auth patterns — Reddit","https://reddit.com/r/netsec/comments/a7x3q2/devk0re","Anyone else seeing auth logs with unfamiliar IPs hitting admin endpoints late at night?","reddit.com","devk0re"
"Hardening your Linux OSINT VM — dev.to","https://dev.to/devk0re/hardening-linux-osint-vm","If you're running investigations from a shared environment, here's what I do to keep my sessions clean...","dev.to","devk0re"
"devk0re — Keybase","https://keybase.io/devk0re","I am devk0re on GitHub, Reddit. PGP key available.","keybase.io","devk0re"
"CyberConf 2025 Speaker Bio — K. Devore","https://cyberconf2025.example.org/speakers/khalid-devore","Khalid Devore, Senior Security Developer at ClearPath Tech. Speaker: Audit Log Integrity in Cloud Systems.","cyberconf2025.example.org","devk0re"
"TechConf Attendee List 2023 (leaked)","https://pasteprivate.example.net/4xT9bQm","...k.devore@clearpath-tech.io, Khalid Devore, Senior Security Developer, ClearPath Technologies...","pasteprivate.example.net","k.devore clearpath"
"ClearPath Tech — About Us","https://clearpath-tech.io/about","ClearPath Tech is a cybersecurity non-profit focused on open-source audit tooling...","clearpath-tech.io","clearpath-tech"
"ClearPath Admin Portal","https://admin.clearpath-tech.io/login","ClearPath Internal — Staff Login. Username: [  ] Password: [  ]","admin.clearpath-tech.io","clearpath-tech"
"clearpath-audit-lib — npm","https://www.npmjs.com/package/clearpath-audit-lib","Published by devk0re. Audit logging library for Node.js. WARNING: Do not use v0.9.1 — contains unpatched path traversal.","npmjs.com","clearpath-tech devk0re"
"Reddit post [DELETED] — r/netsec","https://reddit.com/r/netsec/comments/b2z9pk/","[removed] — Original title: 'weird auth logs on clearpath products asking for a friend'","reddit.com","clearpath-tech devk0re"
"K. Devore at ClearPath Tech — LinkedIn (cached)","https://webcache.googleusercontent.com/search?q=cache:linkedin.com/in/khalid-devore","Khalid Devore · Senior Security Developer at ClearPath Tech · Amman, Jordan · 312 connections","googleusercontent.com","k.devore clearpath"
