username,site_name,url,status,response_time_ms
devk0re,GitHub,https://github.com/devk0re,FOUND,312
devk0re,GitLab,https://gitlab.com/devk0re,FOUND,408
devk0re,HackerOne,https://hackerone.com/devk0re,FOUND,290
devk0re,Reddit,https://www.reddit.com/user/devk0re,FOUND,520
devk0re,Stack Overflow,https://stackoverflow.com/users/devk0re,FOUND,611
devk0re,Keybase,https://keybase.io/devk0re,FOUND,340
devk0re,dev.to,https://dev.to/devk0re,FOUND,275
devk0re,Hacker News,https://news.ycombinator.com/user?id=devk0re,FOUND,498
devk0re,Replit,https://replit.com/@devk0re,FOUND,388
devk0re,Twitter/X,https://x.com/devk0re,NOT_FOUND,201
devk0re,LinkedIn,https://www.linkedin.com/in/devk0re,NOT_FOUND,310
devk0re,Medium,https://medium.com/@devk0re,FOUND,430
devk0re,DockerHub,https://hub.docker.com/u/devk0re,FOUND,512
devk0re,Pastebin,https://pastebin.com/u/devk0re,FOUND,265
devk0re,TryHackMe,https://tryhackme.com/p/devk0re,FOUND,480
devk0re,HackTheBox,https://app.hackthebox.com/profile/devk0re,NOT_FOUND,198
devk0re,YouTube,https://www.youtube.com/@devk0re,NOT_FOUND,310
devk0re,npm,https://www.npmjs.com/~devk0re,FOUND,290
devk0re,PyPI,https://pypi.org/user/devk0re,NOT_FOUND,205
devk0re,Gravatar,https://www.gravatar.com/devk0re,FOUND,320
